X,Y,id,NUMR_GITE,NOM_GITE,NUMR_CORPS,NOM_CORPS,IDNT_CORPS,CODE_ETAT,ETAT_CORPS,FUS_UTM,ESTN,NORD,NUMR_SNRC,DECV_AN,SUBST_PRIN,SUBST_P2,SUBST_P3,SUBST_P4,SUBST_P5,SUBST_P6,SUBST_P7,SUBST_P8,SUBST_P9,SUBST_P10,SUBST_P11,SUBST_P12,SUBST_SECN,SUBST_S2,SUBST_S3,SUBST_S4,SUBST_S5,SUBST_S6,SUBST_S7,SUBST_S8,SUBST_S9,SUBST_S10,SUBST_S11,SUBST_S12,CODE_TYPL,TYPL,CODE_LIT1,ROCHE_LIT1,CODE_LIT2,ROCHE_LIT2,CODE_LIT3,ROCHE_LIT3,CODE_LIT4,ROCHE_LIT4,CODE_LIT5,ROCHE_LIT5,CODE_LIT6,ROCHE_LIT6,CODE_LIT7,ROCHE_LIT7,CODE_LIT8,ROCHE_LIT8,MINR1,MINR2,MINR3,MINR4,MINR5,MINR6,MINR7,MINR8,MINR9,MINR10,MINR11,MINR12,MINR13,MINR14,MINR15,MINR16,MINR17,MINR18,MINR19,MINR20,MINR21,MINR22,MINR23,MINR24,MINR25,CODE_FORM,DESCR_FORM,CODE_DIST,DESCR_DIST,CODE_IMPR,DESCR_IMPR,CODE_TYPE,DESCR_TYPE,RESS_ESTIM,LIEN_FICHE,CODE_SYMBL
-74.5470992689999,50.707783991,0,233,Lac Frotet-Baie SE,171,Lac Frotet-Baie SE,1,I,"Showing, no work",18,531979,5617428,32J10,"1983",Cu,,,,,,,,,,,,Ag,,,,,,,,,,,,"630",Volcanic-associated massive sulphide base metals,V1,,V1,,,,,,,,,,,,,,CP,Ag,,,,,,,,,,,,,,,,,,,,,,,,TR,Regular tabular,D,Disseminated,IN,Indeterminate,O,Stratification (deposit concordant with),N,,GMCU_I
-74.5101903489999,50.649449653,0,235,Selco,173,Selco,1,P,Worked deposit,18,534628,5610958,32J10,"1973",Cu,Zn,,,,,,,,,,,Ag,,,,,,,,,,,,"630",Volcanic-associated massive sulphide base metals,F1,,V1B,,I4B,,V3B,,,,,,,,,,SP,PO,CP,,,,,,,,,,,,,,,,,,,,,,,TR,Regular tabular,A,Disseminated to massive,IN,Indeterminate,O,Stratification (deposit concordant with),N,,GMCU_P
-74.8686085679999,50.7405774860001,0,236,Lac Coulombe (Muscocho),174,Lac Coulombe (Muscocho),1,P,Worked deposit,18,509271,5620985,32J10,"1962",Cu,Zn,,,,,,,,,,,Ag,,,,,,,,,,,,"630",Volcanic-associated massive sulphide base metals,F2,,S3,,S6A,,V1,,V3B,,V3B,,,,,,CP,SP,PO,PY,,,,,,,,,,,,,,,,,,,,,,TR,Regular tabular,S,Semi-massive,IN,Indeterminate,O,Stratification (deposit concordant with),N,,GMCU_P
-74.8522109649999,50.749658674,0,238,Lac Coulombe-Est,176,Lac Coulombe-Est,1,P,Worked deposit,18,510426,5621997,32J10,"1972",Cu,,,,,,,,,,,,Ag,Zn,,,,,,,,,,,"630",Volcanic-associated massive sulphide base metals,R1,,S6D,,S2,,,,,,,,,,,,QZ,CP,SP,PY,PO,,,,,,,,,,,,,,,,,,,,,TR,Regular tabular,A,Disseminated to massive,IN,Indeterminate,I,Indeterminate,N,,GMCU_P
-74.6226160089999,50.7480535770001,0,239,Lac Frotet-Sud,177,Lac Frotet-Sud,1,I,"Showing, no work",18,526624,5621876,32J10,"1979",Cu,,,,,,,,,,,,Ag,,,,,,,,,,,,"1700",Veins copper,R1A,,R3,,M8,,I3A,,V3B,,,,,,,,CB,QZ,CL,SR,CP,Ag,DP,PY,,,,,,,,,,,,,,,,,,TR,Regular tabular,A,Disseminated to massive,MJ,Major,F,In fault or shear,N,,GMCU_I
-74.4697506219999,51.039093397,0,2078,Lac Hameçon,1191,Lac Hameçon,1,P,Worked deposit,18,537176,5654306,32O01,"1975",Cu,Zn,,,,,,,,,,,Ag,Au,,,,,,,,,,,"630",Volcanic-associated massive sulphide base metals,V1,,V1,,,,,,,,,,,,,,BO,PO,AZ,CP,PY,SP,MV,,,,,,,,,,,,,,,,,,,IN,Unknown,D,Disseminated,IN,Indeterminate,I,Indeterminate,N,,GMCU_P
-74.5974507449999,50.946736876,0,3809,Rosario-Troïlus,3047,Rosario-Troïlus,1,P,Worked deposit,18,528279,5643979,32J15,"1962",Cu,Au,Ag,Zn,,,,,,,,,,,,,,,,,,,,,"630",Volcanic-associated massive sulphide base metals,F2,,V1,,S,,I3A,,,,,,,,,,QZ,SP,Au,Ag,PY,PO,CP,,,,,,,,,,,,,,,,,,,TR,Regular tabular,A,Disseminated to massive,IN,Indeterminate,I,Indeterminate,N,,GMCU_P
-74.5807718069999,50.8448807130001,0,3811,Zone M (Sondage W-4),3049,Zone M (Sondage W-4),1,P,Worked deposit,18,529515,5632659,32J15,"1958",Cu,Ag,,,,,,,,,,,,,,,,,,,,,,,"1700",Veins copper,R1A,,I3A,,V3F,,,,,,,,,,,,QZ,PY,Au,CP,PO,,,,,,,,,,,,,,,,,,,,,TR,Regular tabular,D,Disseminated,MJ,Major,V,Vein,N,,GMCU_P
-74.5551205509999,50.8328163250001,0,3813,Lac Troïlus-Sud,3051,Lac Troïlus-Sud,1,P,Worked deposit,18,531329,5631328,32J15,"1967",Cu,,,,,,,,,,,,Ag,Au,,,,,,,,,,,"1700",Veins copper,R1A,,I4I,,V2,,I3A,,,,,,,,,,ST,CP,QZ,Au,,,,,,,,,,,,,,,,,,,,,,TR,Regular tabular,A,Disseminated to massive,MJ,Major,F,In fault or shear,N,,GMCU_P
-74.5369903239999,50.8711989610001,0,3815,Lac Troïlus-Sud (sondage 51-11-3),3053,Lac Troïlus-Sud (sondage 51-11-3),1,P,Worked deposit,18,532579,5635604,32J15,"1972",Cu,Au,,,,,,,,,,,Ag,Zn,Ni,,,,,,,,,,"1700",Veins copper,R1,,V1D,,V2,,I3A,,,,,,,,,,CC,QZ,SP,PO,PD,PY,CP,Ag,Au,,,,,,,,,,,,,,,,,TI,Irregular tabular,D,Disseminated,MJ,Major,T,In fracture,N,,GMCU_P
-74.5172773579999,50.78455411,0,3816,Lac Frotet (Baie Ouest),3054,Lac Frotet (Baie Ouest),1,P,Worked deposit,18,534029,5625978,32J15,"1963",Cu,Zn,,,,,,,,,,,Ag,,,,,,,,,,,,"1700",Veins copper,R1A,,V3B,,I3A,,,,,,,,,,,,CC,CL,QZ,CP,Cu,PY,PO,,,,,,,,,,,,,,,,,,,TR,Regular tabular,D,Disseminated,MJ,Major,T,In fracture,N,,GMCU_P
-74.5811103839999,50.8641714290001,0,3826,Occurrence C,3064,Occurrence C,1,I,"Showing, no work",18,529479,5634804,32J15,"1985",Cu,Ag,,,,,,,,,,,,,,,,,,,,,,,"1700",Veins copper,R1A,,I1D,,I3A,,V1,,,,,,,,,,CB,Ag,QZ,CP,,,,,,,,,,,,,,,,,,,,,,TR,Regular tabular,D,Disseminated,MJ,Major,V,Vein,N,,GMCU_I
-74.7364404489999,50.7854889720001,0,3829,Occurrence F,3067,Occurrence F,1,I,"Showing, no work",18,518579,5626004,32J15,"1985",Cu,Au,,,,,,,,,,,Ag,,,,,,,,,,,,"1700",Veins copper,R1A,,V3,,,,,,,,,,,,,,QZ,CP,PY,,,,,,,,,,,,,,,,,,,,,,,UR,Regular cylindrical,D,Disseminated,MJ,Major,V,Vein,N,,GMCU_I
-74.6841596979999,50.8073826090001,0,3835,Malachite,3073,Malachite,1,I,"Showing, no work",18,522254,5628453,32J15,"1986",Cu,,,,,,,,,,,,Ag,,,,,,,,,,,,"1700",Veins copper,R1,,I3A,,S3,,V3B,,,,,,,,,,CP,PY,BN,MC,QZ,,,,,,,,,,,,,,,,,,,,,TR,Regular tabular,D,Disseminated,MJ,Major,V,Vein,N,,GMCU_I
-74.6805763649999,50.8125437260001,0,3836,Laplante (Caro),3074,Laplante (Caro),1,P,Worked deposit,18,522504,5629028,32J15,"1986",Cu,Au,,,,,,,,,,,Ag,,,,,,,,,,,,"1700",Veins copper,R1,,I3A,,V3B,,,,,,,,,,,,QZ,PY,CP,MC,BN,Cu,,,,,,,,,,,,,,,,,,,,TI,Irregular tabular,D,Disseminated,MJ,Major,V,Vein,N,,GMCU_P
-74.6528534299999,50.818534689,0,3837,Bergeron,3075,Bergeron,1,P,Worked deposit,18,524454,5629703,32J15,"1986",Cu,,,,,,,,,,,,Ag,Au,,,,,,,,,,,"1700",Veins copper,F2,,S3,,I3A,,V3B,,,,,,,,,,QZ,SP,PY,BN,CP,,,,,,,,,,,,,,,,,,,,,TR,Regular tabular,D,Disseminated,MJ,Major,T,In fracture,N,,GMCU_P
-74.6391745749999,50.843538132,0,3838,Lac Troïlus-SO (éch. 124989),3076,Lac Troïlus-SO (éch. 124989),1,I,"Showing, no work",18,525404,5632488,32J15,"1992",Cu,,,,,,,,,,,,Ag,,,,,,,,,,,,"1700",Veins copper,R1B,,I3A,,V3A,,,,,,,,,,,,PY,PO,QZ,CP,,,,,,,,,,,,,,,,,,,,,,TR,Regular tabular,D,Disseminated,MJ,Major,V,Vein,N,,GMCU_I
-74.5497980219999,50.8694415180001,0,3839,Lac Troïlus-Sud (éch. 135733),3077,Lac Troïlus-Sud (éch. 135733),1,I,"Showing, no work",18,531679,5635403,32J15,"1993",Cu,,,,,,,,,,,,Ag,,,,,,,,,,,,"1700",Veins copper,R1B,,I3A,,V3F,,,,,,,,,,,,PY,PO,QZ,CP,,,,,,,,,,,,,,,,,,,,,,TR,Regular tabular,D,Disseminated,MJ,Major,V,Vein,N,,GMCU_I
-74.5860319779999,50.8700252850001,0,3840,Lac Troïlus-Sud (éch. 124974),3078,Lac Troïlus-Sud (éch. 124974),1,I,"Showing, no work",18,529129,5635453,32J15,"1992",Cu,Ag,,,,,,,,,,,,,,,,,,,,,,,"1700",Veins copper,R1B,,I3A,,V3B,,,,,,,,,,,,QZ,PY,CP,,,,,,,,,,,,,,,,,,,,,,,IN,Unknown,D,Disseminated,MJ,Major,V,Vein,N,,GMCU_I
-74.5481393229999,50.8499117960001,0,3814,"Lac Dauphin (Auromis, Khaan, Bronto)",3085,Dauphin NE (TRM-99-14),2,P,Worked deposit,18,531809,5633232,32J15,"1966",Cu,Au,,,,,,,,,,,Ag,,,,,,,,,,,,"1520",Orogenic auriferous veins,R1A,,I3A,,I1D,,,,,,,,,,,,QZ,PY,MO,CP,,,,,,,,,,,,,,,,,,,,,,TR,Regular tabular,S,Semi-massive,IN,Indeterminate,F,In fault or shear,N,,GMCU_P
-74.3659362489999,50.658106934,0,5015,Lac De Maurès-Est,4292,Lac De Maurès-Est,1,P,Worked deposit,18,544818,5611998,32J09,"1963",Cu,Ag,Au,,,,,,,,,,,,,,,,,,,,,,"1520",Orogenic auriferous veins,R2,,I4B,,,,,,,,,,,,,,QZ,CB,CP,PY,PO,Au,,,,,,,,,,,,,,,,,,,,UI,Irregular cylindrical,D,Disseminated,MJ,Major,T,In fracture,N,,GMCU_P
-74.3603723869999,50.6833831700001,0,5016,Lac Odon,4293,Lac Odon,1,P,Worked deposit,18,545187,5614812,32J09,"1971",Cu,Mo,Au,,,,,,,,,,Ag,,,,,,,,,,,,"1910",Cu-Au-Mo deposits ass. with porphyry intrusions,R1A,,I3A,,,,,,,,,,,,,,QZ,SR,CP,MO,PY,,,,,,,,,,,,,,,,,,,,,LI,Irregular lenticular,S,Semi-massive,MJ,Major,F,In fault or shear,O,https://sigeom.mines.gouv.qc.ca/signet/classes/I1103_index?format=COMPLET&type_reqt=U&mode=NOUVELLE&l=A&entt=GM&alias_table_crit=F4E02&mnen_crit=NUMR_INTER&oper_crit=EGAL&valr_crit=4293,GMCU_P
-74.3587276649999,50.6191630390001,0,5023,Claudette (Zone A),4300,Claudette (Zone A),1,I,"Showing, no work",18,545365,5607672,32J09,"1992",Cu,,,,,,,,,,,,Ag,,,,,,,,,,,,"9999",Type of deposits indeterminate,R1,,S10,,I3A,,S6,,I3K,,,,,,,,CP,PO,QZ,,,,,,,,,,,,,,,,,,,,,,,IN,Unknown,I,Irregular,IN,Indeterminate,I,Indeterminate,N,,GMCU_I
-74.3324813249999,50.62186647,0,5024,Claudette (Zone B),4301,Claudette (Zone B),1,I,"Showing, no work",18,547219,5607989,32J09,"1992",Cu,Zn,,,,,,,,,,,Ag,,,,,,,,,,,,"9999",Type of deposits indeterminate,R1,,M8,,V2,,V3B,,V3A,,,,,,,,GP,MG,QZ,PY,CP,PO,,,,,,,,,,,,,,,,,,,,UI,Irregular cylindrical,I,Irregular,VA,Variable,T,In fracture,N,,GMCU_I
-74.2972696279999,50.6311472520001,0,5026,Claudette (Zone D),4303,Claudette (Zone D),1,P,Worked deposit,18,549700,5609044,32J09,"1993",Cu,Au,,,,,,,,,,,Ag,,,,,,,,,,,,"9999",Type of deposits indeterminate,R1,,V1B,,V3B,,V3A,,,,,,,,,,QZ,PY,CP,PO,,,,,,,,,,,,,,,,,,,,,,UR,Regular cylindrical,U,Veinlet,MJ,Major,V,Vein,N,,GMCU_P
-74.290071957,50.634943718,0,5027,Claudette (Zone E),4304,Claudette (Zone E),1,P,Worked deposit,18,550205,5609471,32J09,"1993",Cu,,,,,,,,,,,,Ag,,,,,,,,,,,,"9999",Type of deposits indeterminate,S3,,S6A,,V3B,,V3A,,,,,,,,,,PO,CP,,,,,,,,,,,,,,,,,,,,,,,,IN,Unknown,N,Unknown,IN,Indeterminate,I,Indeterminate,N,,GMCU_P
-74.6260583389999,50.8621028760001,0,11486,Diléo-Nord-S15,34090,Diléo-Nord-S15,1,I,"Showing, no work",18,526317,5634557,32J15,"2007",Cu,,,,,,,,,,,,Ag,,,,,,,,,,,,"9999",Type of deposits indeterminate,I1C,,I1C,,R1,,,,,,,,,,,,PY,CP,QZ,,,,,,,,,,,,,,,,,,,,,,,IN,Unknown,D,Disseminated,IN,Indeterminate,V,Vein,N,,GMCU_I
-74.6976212609999,50.6610312480001,0,11497,Lessard-NW,34560,Lessard-NW,1,I,"Showing, no work",18,521372,5612175,32J10,"2008",Cu,Ni,,,,,,,,,,,Ag,,,,,,,,,,,,"9999",Type of deposits indeterminate,V3B,,V3B,,,,,,,,,,,,,,CP,PY,,,,,,,,,,,,,,,,,,,,,,,,IN,Unknown,D,Disseminated,IN,Indeterminate,I,Indeterminate,N,,GMCU_I
-74.6664037009999,50.6179591110001,0,11517,Lac du Crabe-NE,35157,Lac du Crabe-NE,1,I,"Showing, no work",18,523600,5607395,32J10,"2011",Cu,,,,,,,,,,,,Zn,Ag,,,,,,,,,,,"630",Volcanic-associated massive sulphide base metals,F1,,S6D,,V3B,,,,,,,,,,,,PO,CP,PY,,,,,,,,,,,,,,,,,,,,,,,IN,Unknown,A,Disseminated to massive,IN,Indeterminate,I,Indeterminate,N,,GMCU_I
-74.5428759569999,50.8811771330001,0,12100,TRO-JB-18-113,54063,TRO-JB-18-113,1,I,"Showing, no work",18,532158,5636711,32J15,"2018",Cu,,,,,,,,,,,,Ag,,,,,,,,,,,,"1700",Veins copper,R1,,V3B,,I3A,,,,,,,,,,,,PO,CP,SP,QZ,,,,,,,,,,,,,,,,,,,,,,LI,Irregular lenticular,V,Vein,MJ,Major,V,Vein,N,,GMCU_I
-74.567765215,50.9319907560001,0,12332,Éch. 3426943,59600,Éch. 3426943,1,I,"Showing, no work",18,530374,5642351,32J15,"2019",Cu,,,,,,,,,,,,,,,,,,,,,,,,"9999",Type of deposits indeterminate,R1,,I3A,,,,,,,,,,,,,,CP,PY,GR,,,,,,,,,,,,,,,,,,,,,,,LI,Irregular lenticular,V,Vein,MJ,Major,V,Vein,N,,GMCU_I
-74.6540736239999,50.880084808,0,12364,Éch. B550574,61201,Éch. B550574,1,I,"Showing, no work",18,524336,5636547,32J15,"2020",Cu,,,,,,,,,,,,,,,,,,,,,,,,"9999",Type of deposits indeterminate,I3A,,,,,,,,,,,,,,,,PY,CP,,,,,,,,,,,,,,,,,,,,,,,,IN,Unknown,N,Unknown,IN,Indeterminate,I,Indeterminate,N,,GMCU_I
-74.5563496919999,50.8409684870001,0,12511,Copperfield (Urban Barry),64265,Copperfield (Urban Barry),1,P,Worked deposit,18,531237,5632234,32J15,"2019",Cu,,,,,,,,,,,,Ag,Au,,,,,,,,,,,"1700",Veins copper,R1,,I3A,,,,,,,,,,,,,,Cu,CP,PO,PY,MC,,,,,,,,,,,,,,,,,,,,,IN,Unknown,N,Unknown,MJ,Major,V,Vein,N,,GMCU_P
-74.5427301819999,50.840870952,0,12513,Dauphin SE,64287,Dauphin SE,1,I,"Showing, no work",18,532196,5632229,32J15,"2019",Cu,,,,,,,,,,,,Ag,,,,,,,,,,,,"1700",Veins copper,V2,,,,,,,,,,,,,,,,PO,PY,BN,MC,,,,,,,,,,,,,,,,,,,,,,IN,Unknown,N,Unknown,IN,Indeterminate,I,Indeterminate,N,,GMCU_I
